recruiter_id,number_of_jobs_posted,avg_job_description_length,company_logo_present,response_time_hours,job_posting_frequency,complaints_count,approval_rate,trust_label
1,103,712,1,17.127422123124678,4.6036970061251115,7,0.39001754017238677,Medium Trust
2,180,1641,1,6.217525696690089,2.745801034956594,18,0.7016954185825186,Medium Trust
3,93,791,0,56.03573957872603,2.2760729533495816,6,0.3426313531696453,Low Trust
4,15,1405,0,9.225506226894245,1.4020308424721415,16,0.3216516169754962,Low Trust
5,107,1443,1,42.991788665166894,8.585582642577194,5,0.8000898710293485,High Trust
6,72,1861,0,67.45611593268173,5.796018492190404,18,0.5531529663887311,Low Trust
7,189,1566,1,63.141521270760045,0.8562109554154143,5,0.3877627444637113,Medium Trust
8,21,414,0,20.359312598072172,3.887545203349291,1,0.47752893960179577,Medium Trust
9,103,976,0,61.37857758491547,3.740563142970588,5,0.7494605551466793,Medium Trust
10,122,1864,0,0.5237741876149926,1.8992179880236837,4,0.4928755969985958,Medium Trust
11,75,1500,0,1.7646783873478913,4.411525492174688,18,0.6461647875842855,Low Trust
12,88,1412,1,43.58255121476484,3.387783717392051,19,0.3851867147086706,Low Trust
13,117,1560,0,26.583072668833857,3.4838566843726073,3,0.7116655463238128,Medium Trust
14,100,761,0,28.13195014287902,7.416362922100791,16,0.5212543786902848,Low Trust
15,104,376,1,40.8575379835401,2.3103075165014437,10,0.7388779041701015,Medium Trust
16,152,1833,0,14.212445574818032,6.454413592668018,3,0.865876417612816,High Trust
17,131,1705,0,15.640507572581702,5.749431276421255,12,0.7281524935729946,Medium Trust
18,150,1626,1,35.149013471848825,5.724115872144886,19,0.5070232938165145,Medium Trust
19,53,723,0,54.42912842058621,6.663772726803582,16,0.47902059108381023,Low Trust
20,2,615,1,44.794089225642516,5.528982158336974,8,0.5291946711134136,Medium Trust
21,88,1473,1,21.760885948933982,8.804625636979209,3,0.41523435926555335,Medium Trust
22,158,942,1,31.269108191887867,6.788242910307572,13,0.426820295595014,Medium Trust
23,38,1569,1,12.702530236324886,5.514936188576742,18,0.8534837713301175,Medium Trust
24,130,1953,0,5.836031725101343,8.314654890847684,2,0.5693128035552115,Medium Trust
25,192,449,1,56.46276691320667,6.100850992841449,13,0.6051966263994101,Medium Trust
26,188,1730,0,19.475199756955913,2.9823280530732723,7,0.7158346258967678,Medium Trust
27,21,1787,0,13.210296731364247,2.150239689948055,0,0.7127574466060833,Medium Trust
28,161,922,0,49.950690973206335,1.6080450780605202,9,0.347163810065348,Low Trust
29,58,1260,0,44.6906947115338,9.004606604206407,17,0.882078550436366,Medium Trust
30,22,858,0,45.77305825996268,7.130340774800851,15,0.42412858725675756,Low Trust
31,89,998,0,16.865964246532872,9.380046537826775,7,0.8061501452347681,Medium Trust
32,49,342,0,17.13415600723169,6.072588876577935,0,0.8408696916897165,High Trust
33,59,642,0,16.2873880296732,4.786668726799634,11,0.8004296738639196,Medium Trust
34,170,1163,0,12.923310589854058,0.6911932408118043,7,0.7052843525879016,Medium Trust
35,188,328,0,47.38424258815843,6.749258587305695,15,0.310226297976218,Low Trust
36,15,647,1,61.1331357953322,5.863866721705488,17,0.5522628446542195,Low Trust
37,190,1019,1,52.288699081881276,9.903068046517452,3,0.7233876005538068,High Trust
38,190,1346,1,57.13469481387884,2.4676719000442064,5,0.571215907145777,Medium Trust
39,175,105,0,29.443087679591788,5.354299817339675,11,0.9044359264389692,Medium Trust
40,190,1445,1,47.26641936909787,6.544477617668919,8,0.5161615927447307,Medium Trust
41,51,567,1,25.827891191801378,6.481452629949202,14,0.5054743547210623,Medium Trust
42,108,1855,1,38.07358047075776,5.656806075189187,15,0.4861983851648606,Medium Trust
43,55,174,0,34.93689152724266,7.791587302239532,11,0.5329466082725568,Low Trust
44,64,103,0,13.14743087778559,2.1293139743154827,13,0.6901834750199309,Medium Trust
45,131,1970,0,28.176131363997605,7.283709282716717,12,0.7949107059908136,Medium Trust
46,51,745,0,69.4132926969881,6.235372257187583,1,0.7637975424171495,Medium Trust
47,135,217,1,18.273488426618357,8.971143606766276,2,0.8654024739870356,High Trust
48,21,980,1,10.066967143983444,8.487224946432459,9,0.9201397968481975,High Trust
49,73,1729,1,30.42851444611137,3.2199556874122774,8,0.8712553296403458,High Trust
50,167,603,1,57.00914811400059,2.8347495172540156,19,0.3132617823620482,Low Trust
51,18,1046,0,42.123598429268014,9.818367906139233,7,0.8151425674863921,Medium Trust
52,132,673,0,49.18970014753449,5.31992529106104,9,0.4458797015328321,Low Trust
53,89,1564,0,14.063181644489418,9.073567542752924,18,0.39304962989558784,Low Trust
54,60,293,1,44.75479580005209,1.722422135426774,2,0.7469421493593948,High Trust
55,14,946,0,23.630278236170373,6.4639072565217255,4,0.5238202367853864,Medium Trust
56,9,814,0,60.152690665765874,8.117615854869802,2,0.33998201435931025,Low Trust
57,90,1515,1,45.49486462976763,9.479212970905824,15,0.3963408140788529,Low Trust
58,53,1149,1,14.718223860933657,3.4396673960685327,16,0.30065059180897274,Low Trust
59,130,1558,0,5.120092608852159,7.277313582248119,14,0.9322565391412951,Medium Trust
60,84,272,0,3.5482744640228407,5.434248789492228,2,0.317232588688867,Medium Trust
61,92,1423,0,27.055712586985063,0.7002263680580351,11,0.44661903865665775,Low Trust
62,111,1768,0,19.508356270783413,6.93099739935854,8,0.5913839464815351,Medium Trust
63,188,425,0,46.69544382756933,6.93195592655465,11,0.5495999281655733,Medium Trust
64,199,1533,0,36.202369200971205,9.313007367980717,14,0.9382081138389429,Medium Trust
65,172,1241,1,19.52037837738472,5.023393217072827,1,0.32820226201417946,Medium Trust
66,8,935,1,11.170501123437592,2.3794841150340953,17,0.6585502953739361,Medium Trust
67,175,1910,1,9.594783032152646,0.5411818521419236,19,0.7763356237670618,Medium Trust
68,35,823,0,62.32321803803986,4.214857648190466,11,0.9521885815768181,Medium Trust
69,81,324,1,17.90867474094801,3.0889753307672683,3,0.7342598764866046,High Trust
70,164,631,0,47.09731132563424,7.634774229636368,15,0.8626286652082338,Medium Trust
71,50,212,0,58.46404385101804,3.6072508719263614,15,0.35860745649174386,Low Trust
72,104,239,1,44.40681374970863,9.495804843516956,0,0.5701576576558491,High Trust
73,132,658,0,61.95891406275662,9.626871009579064,1,0.5617629941353472,Medium Trust
74,2,100,0,28.556151089285926,6.24699504315531,2,0.9204017515190024,Medium Trust
75,134,189,1,68.86988663139981,9.293736841447341,19,0.4059598198842924,Low Trust
76,54,753,1,10.01986779873393,7.632458010693506,16,0.40632032063564116,Medium Trust
77,106,419,1,7.803691370513974,5.513910445653749,19,0.529990704920059,Medium Trust
78,4,1673,0,47.596488453832215,1.8850485606855036,0,0.3381262331567863,Low Trust
79,54,1928,1,67.91242661104822,4.640119640787016,19,0.427720628456743,Low Trust
80,191,238,1,58.33516750699746,5.652657187289914,5,0.9756467469820145,High Trust
81,146,1634,0,5.963805449820677,8.6532196492766,14,0.599728757907021,Medium Trust
82,44,1991,1,20.47479154633222,4.8652004277030825,13,0.7424134458957055,Medium Trust
83,162,944,1,67.0178002659044,8.98697925951177,19,0.8082778815412459,Medium Trust
84,190,358,1,18.593677945256097,6.7760548923323425,14,0.5568729849050403,Medium Trust
85,14,1796,0,56.353685300764724,1.4562907242313468,13,0.40305895208736187,Low Trust
86,95,1001,0,59.49695200890232,9.95031555631842,4,0.44460671135524654,Medium Trust
87,48,789,0,35.9248253974602,5.3196033414637345,5,0.5192865336064272,Medium Trust
88,15,109,0,28.12394705415456,3.979397134449881,16,0.7452478942465579,Medium Trust
89,190,360,1,32.68389691801281,6.625226268248312,10,0.578796384362338,Medium Trust
90,40,1773,0,16.727975647123536,1.178043808412287,15,0.3047702885300897,Low Trust
91,82,271,0,64.09145050321237,6.401732602858208,11,0.6663850295472302,Medium Trust
92,111,997,1,32.71930545617769,5.032536404942802,14,0.9450593743351925,High Trust
93,53,112,1,63.595849992611136,4.126073292985973,3,0.8684543277060752,High Trust
94,24,1291,1,8.057083813298597,9.534898209671102,17,0.8776479598817417,Medium Trust
95,154,1765,0,71.16168187650939,5.273143195647327,2,0.8565406123242918,High Trust
96,188,1719,0,32.19402575221871,2.2692630467523904,7,0.5266115779272965,Medium Trust
97,124,420,0,3.9199036581785407,4.643738445835257,2,0.8356356836280743,High Trust
98,41,1442,1,3.2185621489780263,9.201935305269458,7,0.40021295046783506,Medium Trust
99,157,1736,1,53.85381890995146,1.8433451661728872,17,0.7604013030931673,Medium Trust
100,15,428,0,47.621040695563174,2.2181746830135456,9,0.7490979966794961,Medium Trust
101,45,884,1,57.85233490612251,0.2289927207951291,19,0.31789885936281426,Low Trust
102,65,876,1,8.033778677625627,0.24048148901809507,16,0.851579093513652,Medium Trust
103,89,1010,1,3.043316993041707,8.310977106889274,7,0.9322736735665913,High Trust
104,71,1673,0,36.86341919550186,7.348013807745263,10,0.48719069493047534,Low Trust
105,9,1542,1,28.21305905101802,3.614906458874387,4,0.8686735069303055,High Trust
106,88,1729,1,33.52920597197334,7.0132804565529705,12,0.35768418030336374,Medium Trust
107,129,1218,0,71.39857123422459,4.012538670468705,4,0.7199775007827462,Medium Trust
108,136,1940,0,69.90862197345292,9.533678280378492,12,0.639952805733994,Medium Trust
109,63,1704,1,67.87555036163329,9.673821546117745,5,0.6821464733163,Medium Trust
110,139,417,1,56.54475138888868,3.9886583805124998,4,0.9483436413190416,High Trust
111,81,335,0,25.871157258367663,8.556796872774594,8,0.9099206730727973,Medium Trust
112,136,433,0,29.96736151378817,7.753581512804915,15,0.8495585600678299,Medium Trust
113,163,475,1,39.7975471259031,3.168999378000714,1,0.4915889203748597,High Trust
114,163,1582,1,59.88321363294605,2.3971943061209493,0,0.9382730400802641,High Trust
115,33,1260,1,5.412967525056145,4.636523038889055,7,0.36825538472471264,Medium Trust
116,123,687,1,30.837227340769502,7.835353522082622,18,0.8973304515911513,Medium Trust
117,5,1670,0,6.407162937337711,9.60566106881458,10,0.5297120506475255,Low Trust
118,41,612,1,37.29801744000608,7.659432781779068,11,0.33764061816338836,Low Trust
119,28,1419,1,64.77140891644584,8.566549151681864,11,0.7685498889685238,Medium Trust
120,135,1443,0,56.44767210632156,6.0703366310881135,6,0.46189594982116877,Medium Trust
121,72,1017,1,16.79073285433236,8.370537525337046,12,0.4704997881052423,Medium Trust
122,12,1695,0,70.28334574631366,7.865766494233835,7,0.5142330163601401,Low Trust
123,162,1955,1,48.215553460319626,3.832156865070173,8,0.3445793372517617,Medium Trust
124,33,1472,1,1.2455805069143193,5.564703990995139,6,0.4239890009387778,Medium Trust
125,48,1963,0,18.762064154993194,8.067055907697979,14,0.3035977393098922,Low Trust
126,151,1902,0,19.141000944274033,0.555961668480568,1,0.6117866647740507,Medium Trust
127,62,972,1,5.451682899438985,8.099984895322716,19,0.3589787641925799,Low Trust
128,37,1352,1,69.12759604242892,1.861092428085332,11,0.7778568235309393,Medium Trust
129,99,369,1,34.69525356217855,5.195367809502246,0,0.46493599583415385,Medium Trust
130,172,1951,0,64.55074371208956,8.101926851603782,7,0.960501900824624,High Trust
131,104,897,1,23.538408496290927,2.612828673751279,4,0.9098761391790569,High Trust
132,35,1414,0,9.45420028594714,2.533493649130915,14,0.5026086264777457,Low Trust
133,193,824,0,34.41503185829429,4.087367544776294,0,0.8482508182596751,High Trust
134,101,1288,1,8.647899382073676,8.956963696018581,0,0.8622714332653643,High Trust
135,175,104,0,35.250108462894104,0.10438353622835805,9,0.9905941798800872,High Trust
136,131,950,1,66.30124845718765,9.023692656755156,9,0.7184879907919794,Medium Trust
137,1,1502,1,37.73492214114621,1.6226895439519171,14,0.35737601425056353,Low Trust
138,5,177,1,44.57973047299847,9.901855123068072,16,0.7527860602484666,Medium Trust
139,142,1533,1,11.699648243627294,9.552985231080834,5,0.7374858238632246,High Trust
140,103,673,1,3.627097250417818,4.997284376953704,2,0.7468454041943022,High Trust
141,27,231,0,8.422769295856202,5.175930453345019,12,0.515001953672948,Low Trust
142,137,700,0,43.295007661432145,4.867338468730957,15,0.9017757095562331,Medium Trust
143,15,1872,1,7.293336477949783,6.390892092029274,7,0.9716305280687882,High Trust
144,90,1165,1,27.383491630803768,0.9981448521258173,14,0.45239875908470606,Medium Trust
145,42,188,0,39.83157374275815,0.42291768858150847,16,0.3617065106956511,Low Trust
146,124,501,0,28.288675102034063,0.6712589913173986,16,0.4361745232179388,Low Trust
147,179,395,0,12.203391804769057,4.499216957490992,12,0.8743864974790032,Medium Trust
148,63,1963,0,20.076078487258616,2.827924598272886,16,0.7736512443738932,Medium Trust
149,96,1418,1,66.87470359867325,6.258191667472838,5,0.7452331396373886,High Trust
150,52,715,1,48.83273270442441,9.925178664810312,16,0.5812551945765971,Medium Trust
151,96,1649,0,35.96742046561189,3.924599413457013,15,0.704479580058005,Medium Trust
152,132,899,1,1.4091146340628866,5.781028415634682,13,0.5155118876920571,Medium Trust
153,151,1814,0,71.45770113499712,4.214478569482621,12,0.6340400555925729,Medium Trust
154,143,1760,1,48.509027844966994,8.487989510446408,5,0.8551441198594592,High Trust
155,171,521,0,23.159957130163562,9.032140394276157,2,0.9868691182188234,High Trust
156,29,1988,1,63.367709189845435,8.785820560832075,13,0.9527422465128612,Medium Trust
157,36,1146,0,18.977860850864992,9.74628516292465,13,0.9537061599923742,Medium Trust
158,13,674,0,39.39718541156674,0.37243993289011146,14,0.5815566143929787,Low Trust
159,160,242,1,45.97905960668249,8.414180005240757,7,0.6281529163547537,Medium Trust
160,71,1092,0,16.306031058941585,7.542544513087023,14,0.7939447774582871,Medium Trust
161,187,764,1,70.4554054342426,2.3640746530636116,12,0.945534349635899,High Trust
162,86,244,1,53.995721277498326,9.567568924536523,16,0.3993959815464592,Low Trust
163,28,1348,0,40.3836456240415,1.5669614894764603,2,0.512969304679037,Medium Trust
164,66,1106,1,13.412513769534012,6.827544278625693,5,0.39747279121587664,Medium Trust
165,170,602,1,4.350861800358868,2.3264131464775337,4,0.7284059709716186,High Trust
166,45,920,1,23.384278025250318,4.370668422863339,16,0.5144106978212762,Medium Trust
167,62,1739,1,54.3528945178083,7.219682979751233,1,0.5282754967588014,Medium Trust
168,185,203,1,19.75718782859479,5.676913956127162,14,0.3496411716415855,Medium Trust
169,134,1162,0,39.078269765428615,4.3322681301483055,4,0.5448572432653143,Medium Trust
170,28,297,1,52.54822313624813,3.330750466226674,19,0.9037475551811096,Medium Trust
171,28,1769,1,8.217975597222202,8.412630591517024,5,0.46315096832358443,Medium Trust
172,108,678,1,49.498808152284944,1.523762068116656,5,0.7866312263470459,High Trust
173,44,490,1,7.068768471268196,4.358018477645021,17,0.7407398414570148,Medium Trust
174,84,1302,1,69.50677656208025,9.047199960573908,17,0.9044392258583807,Medium Trust
175,30,653,0,35.42018029964318,8.47391054955368,3,0.39260156335572677,Low Trust
176,190,1571,1,11.273341701256232,4.069323448483162,16,0.9843129722415302,High Trust
177,75,1623,0,24.980429976398575,7.654772799652952,13,0.7078400522282559,Medium Trust
178,128,1138,0,30.059276124611195,8.249292224017706,13,0.99683190664277,Medium Trust
179,92,1746,0,54.71022829197242,8.899985497635935,12,0.9380603081060954,Medium Trust
180,190,1792,0,53.654800704477566,5.490607113587357,6,0.455062090479174,Medium Trust
181,129,1412,1,44.25374613161917,2.124162771941647,11,0.33931340693231915,Medium Trust
182,121,577,0,8.074045947932246,2.6275598573889236,14,0.47894736565675305,Low Trust
183,27,1354,0,11.337210068518662,3.027377273011882,18,0.6692945542995938,Low Trust
184,190,1022,1,7.203619826157299,5.978644560015193,10,0.42011745694563296,Medium Trust
185,121,519,1,41.76785400505983,0.42481527887322357,14,0.41722182116259193,Medium Trust
186,116,256,1,63.21539856806538,6.396820440921686,11,0.6238154829736071,Medium Trust
187,3,649,0,31.516736626216183,3.707106960439497,2,0.3232875798185509,Low Trust
188,103,1564,1,12.000644437978853,3.0228938446474576,16,0.3853216577725893,Medium Trust
189,198,1220,1,40.40002624815114,8.807016050208452,2,0.5911029375855632,High Trust
190,155,1120,0,58.54028350589825,4.654023716249909,18,0.3441909364455765,Low Trust
191,137,1096,1,53.53241239817449,1.0410251507736585,19,0.5777285395188705,Medium Trust
192,62,1534,1,63.52373074676403,8.284793003459846,3,0.6318043861639115,Medium Trust
193,165,1050,1,20.369999953294048,0.5716484486214154,2,0.61588662985118,High Trust
194,51,388,1,14.367701509645903,7.294817319265147,15,0.908422400182161,High Trust
195,172,1377,0,63.40687874484862,7.7616715955295845,11,0.6710437185362127,Medium Trust
196,152,295,1,47.515562363628646,3.590765798695696,7,0.6275863237346303,Medium Trust
197,59,697,1,22.731418495540122,8.265399777150089,16,0.5874964717741663,Medium Trust
198,118,1957,0,53.577885615934406,5.205028117978888,6,0.8723363648131404,Medium Trust
199,160,1645,1,58.78096449034631,4.686607167400688,10,0.9265396227998832,High Trust
200,96,616,0,44.470944184390966,0.5494924865400562,17,0.8972697284379823,Medium Trust
201,180,1758,1,49.68371385641393,2.9712890171241684,0,0.7714826046919736,High Trust
202,113,1965,0,27.331083167650643,9.316998711764468,2,0.3961532221780719,Medium Trust
203,62,964,0,39.0167402150273,3.9790572365066503,3,0.49380897864440854,Medium Trust
204,186,1241,0,37.9773807069206,5.512335153512006,12,0.3322441445773842,Low Trust
205,52,905,0,61.13541706585019,5.367014621944093,5,0.9515768524930799,Medium Trust
206,12,1282,1,60.557424590176055,5.945267789244664,13,0.7625589707836372,Medium Trust
207,39,914,0,60.03665355831359,0.7071764608684978,4,0.8224540190192691,Medium Trust
208,130,327,1,1.2887604197663043,3.68554492250741,15,0.5181002177075602,Medium Trust
209,131,315,0,54.09250213952551,7.258969911437286,14,0.8919574655941396,Medium Trust
210,113,1047,0,54.74536189293685,2.085546485622531,14,0.48172229859593496,Low Trust
211,101,1819,0,49.00408583414264,2.1154259377089684,3,0.3011506299787148,Low Trust
212,113,114,1,54.57292303923886,0.19989700622134482,7,0.5634904737644857,Medium Trust
213,184,1280,0,60.70088156201467,4.431071073421276,15,0.6995330366713514,Medium Trust
214,81,1771,1,34.127812368277674,8.839070368666878,15,0.6350934005758657,Medium Trust
215,187,1384,1,36.39659026442397,0.6138193415143592,3,0.9034532998036178,High Trust
216,113,1280,1,9.41705506916442,1.9920752240104262,12,0.37378370016931683,Medium Trust
217,2,146,1,28.05437563788637,3.1698369295932753,12,0.6876764084436079,Medium Trust
218,130,423,1,46.50061036369258,7.3440748919857075,1,0.6590855448746351,High Trust
219,54,943,1,56.29858399453013,6.442292368745607,2,0.4969750875205141,Medium Trust
220,87,1808,1,16.030450484921552,4.217844655360365,7,0.8755596788039073,High Trust
221,129,229,1,10.354337289885331,7.614782498657919,14,0.8269940591175444,High Trust
222,147,1534,1,47.90750332178519,6.135347015403329,10,0.8130014311322817,High Trust
223,126,194,0,0.6344116720311108,8.970803916606469,8,0.9133347347886891,High Trust
224,130,726,0,13.253639777974083,8.198464816473061,6,0.8059492204350647,Medium Trust
225,53,854,0,2.578603694592692,2.6028547002830855,12,0.4622889042003085,Low Trust
226,172,1415,0,12.43228592662327,2.7872419185785824,1,0.7938938981547837,High Trust
227,160,893,0,13.464328514673625,1.341029110344618,7,0.5153919693728907,Medium Trust
228,198,1934,1,28.218662024653185,3.4359507846028197,6,0.4695222552432293,Medium Trust
229,160,1406,1,29.26638941508875,9.995484795319033,11,0.3511025150297391,Medium Trust
230,68,168,1,63.009766648632,4.116936569289104,18,0.8208200062433737,Medium Trust
231,183,1783,1,36.972844443666,2.2828355034221537,6,0.7977006733648678,High Trust
232,184,110,1,52.223440741278466,7.648580556307975,9,0.4641496343718656,Medium Trust
233,123,1377,1,7.9458210913005525,5.470462934280295,15,0.8245653117069092,High Trust
234,145,1965,1,16.61887101565411,1.5810543503168302,2,0.942488618165487,High Trust
235,38,971,0,50.76045602997539,3.8688278434925714,9,0.3756202702441055,Low Trust
236,24,649,0,4.275483173499758,4.203250183839499,5,0.4628456468707425,Medium Trust
237,69,1257,0,35.291732850428346,7.562914035635264,17,0.8251825558611208,Medium Trust
238,116,811,0,43.35488104489977,0.3046465520298542,17,0.49215467145495473,Low Trust
239,98,122,1,43.55341354975239,2.763294503303274,4,0.7372647819986018,High Trust
240,198,914,1,2.139696005665005,5.224203383023668,6,0.35681495712460015,Medium Trust
241,139,445,1,23.530722302386764,2.761582750283149,1,0.6165417353724771,High Trust
242,144,401,0,46.009081550014514,6.321497069448089,10,0.8173639953950671,Medium Trust
243,97,462,1,11.153481134670907,4.870488044818704,12,0.7805597601302767,High Trust
244,124,495,1,50.22221885545581,3.6809315231098485,4,0.8705504704730647,High Trust
245,187,317,1,53.83365243017773,9.497165406018071,5,0.9142164886222182,High Trust
246,70,240,0,70.71079711689939,6.358379041945929,13,0.8412284508811307,Medium Trust
247,93,1739,1,15.503702632233274,1.3864195854526182,11,0.7701114200572481,High Trust
248,3,1057,0,59.496842738127235,5.644907804689615,3,0.3222057442712218,Low Trust
249,148,1333,0,37.70120524968377,7.82924534668892,5,0.6744766713866108,Medium Trust
250,187,1084,0,27.202575624308402,7.114048005178693,9,0.32638840744039693,Low Trust
251,164,1092,0,9.249938148750223,1.803683370023068,17,0.8656474719812157,Medium Trust
252,147,1746,1,53.08865086385894,9.726957990497024,14,0.5245071671219703,Medium Trust
253,90,1739,0,17.363818338773626,4.543255092891399,7,0.6937005618825447,Medium Trust
254,195,927,0,27.05667313392277,1.674347537028587,8,0.49561171512323177,Medium Trust
255,147,782,1,4.971769223161843,1.8839379658686646,4,0.8477501010662054,High Trust
256,148,1583,1,57.79773448109561,1.072526422671897,9,0.9205517686493316,High Trust
257,96,1103,0,55.3110794639725,8.05482927350585,19,0.5790497459491448,Low Trust
258,199,455,1,52.95353184802534,1.3081018937863018,5,0.9040456754576922,High Trust
259,52,1107,0,21.910211000169898,1.3387400457032947,15,0.4869525052194327,Low Trust
260,161,1447,0,12.903825310015943,8.519668986132293,2,0.6742626461528667,Medium Trust
261,168,1256,0,46.085058409621425,3.5115804360308407,9,0.9011330008870928,Medium Trust
262,128,987,0,35.97589646409519,0.4054932526499172,10,0.5281169398310532,Medium Trust
263,39,1928,1,13.245051383681874,0.6137634652322677,10,0.9678295855546599,High Trust
264,82,1963,0,49.542655880065254,1.5074874223685661,16,0.38531565124696854,Low Trust
265,104,226,1,71.3655398752232,2.2125941449593265,3,0.31279254880645435,Medium Trust
266,129,1229,1,53.92620052355569,6.684947322960213,3,0.9328947468047335,High Trust
267,11,1108,1,53.40902664802124,1.6575301720180997,16,0.34805406630351055,Low Trust
268,185,703,1,68.4473618345373,1.276856472653013,8,0.9943224371632442,High Trust
269,178,1922,0,15.009950281605507,7.670719500615164,18,0.9659778033853743,Medium Trust
270,151,1501,1,40.936822491882985,6.743447310213153,4,0.39591463702542445,Medium Trust
271,159,1113,0,70.54474012492267,4.409709792406838,5,0.676309237984796,Medium Trust
272,42,150,1,12.31852893436748,5.538166737653029,2,0.429444208227001,Medium Trust
273,99,1152,1,50.568015100283255,3.188641801231543,0,0.5997086211210838,High Trust
274,7,1585,0,42.38542543699099,4.87675416033007,19,0.34299759048188283,Low Trust
275,144,1419,0,42.43325509149255,5.116059224929183,15,0.45674721145761266,Low Trust
276,90,1420,0,50.38344986768537,3.93364898466315,10,0.5542909574792296,Medium Trust
277,112,1849,1,66.96760998561142,9.075064885654411,12,0.6070532501722383,Medium Trust
278,60,878,1,56.45460869937067,0.25901246331196087,9,0.9842473807462251,High Trust
279,113,1530,0,4.513731394259016,7.843495504603337,2,0.8655059519787869,High Trust
280,2,1892,0,61.470053421113356,1.331390029289111,8,0.8161869610183623,Medium Trust
281,129,913,0,16.626205089689883,7.995718869318274,11,0.6759289203193819,Medium Trust
282,48,1736,0,27.449362778650595,6.19752796519954,13,0.8879984324230403,Medium Trust
283,140,1528,1,33.513896173285325,8.448453100270383,0,0.5375259849589977,High Trust
284,197,1469,0,34.88477905384448,1.065391823844885,17,0.7962293789413213,Medium Trust
285,37,1745,0,31.61539854675801,5.633908277587763,16,0.9956487827647205,Medium Trust
286,160,519,0,67.52076053643431,5.060770014595751,8,0.5202402362546391,Medium Trust
287,9,1305,0,50.98035904797776,7.09131251133725,8,0.7718122744187771,Medium Trust
288,99,1082,1,45.628701185904504,5.38947646374739,9,0.8910204049066677,High Trust
289,147,924,0,4.063704986480321,5.453272214617732,18,0.9410653083454705,Medium Trust
290,48,1124,1,65.12980311361679,4.35299984140304,14,0.8025528836580713,Medium Trust
291,131,1954,0,65.52139872860033,3.1574607976726745,4,0.49852554639199537,Medium Trust
292,148,666,0,56.285234035252316,4.874417176396703,14,0.5283975060982625,Low Trust
293,152,470,1,1.0025880726737697,1.2730743518071659,19,0.31453062248677494,Low Trust
294,54,1035,0,4.59553795205007,9.61898205593254,1,0.8326201843700567,High Trust
295,120,760,1,16.60349471219702,7.172666559903323,12,0.32991772424336596,Medium Trust
296,161,1554,1,9.891482682360829,9.529424455209684,15,0.905256648221922,High Trust
297,152,1068,0,29.016776123816655,2.3446010850666363,14,0.3830624301321771,Low Trust
298,116,1432,1,66.46754865327696,8.805476099747628,9,0.42031355849514695,Medium Trust
299,75,1260,1,34.252321045085374,8.107020847179031,13,0.6335685295825662,Medium Trust
300,113,301,1,1.458287789899841,6.803808883330969,9,0.8165162906181196,High Trust
301,164,1559,1,20.716316804881483,6.2877889422435365,13,0.3973015436393544,Medium Trust
302,166,412,1,3.68853594866675,3.233841686151913,8,0.6080497525465489,High Trust
303,104,216,1,3.0945650168654044,8.182466771153804,13,0.6379958920870733,Medium Trust
304,84,1789,1,20.213969496331984,5.065003068649364,2,0.44859994916801393,Medium Trust
305,112,1036,1,20.206282215544597,0.8018266013237251,19,0.3808908636764422,Low Trust
306,99,1926,0,56.77955208601469,3.197345292465787,15,0.8854946460899475,Medium Trust
307,153,674,0,70.2006776738495,9.359441275598744,1,0.6517259548339358,Medium Trust
308,93,343,1,27.04130721313488,8.521734579987978,9,0.3100668651889071,Medium Trust
309,146,636,0,31.16541183856426,9.820866410957738,2,0.8620869109163727,High Trust
310,128,1725,1,60.90244469445053,6.317134487780571,10,0.9865556637902093,High Trust
311,110,174,1,19.671939936829208,2.5503497240900788,10,0.724148336789973,High Trust
312,82,1929,0,11.681299014846529,1.7118689918009515,12,0.6525958709588495,Medium Trust
313,194,485,1,61.49590807336101,1.9504529620237703,6,0.9148911041314731,High Trust
314,54,1333,1,3.824791930464683,0.2959770176378184,16,0.9667617527792189,High Trust
315,163,574,1,44.80850997425822,3.967752898760798,1,0.8281758411317224,High Trust
316,189,517,1,40.682488593876684,1.995134036945471,11,0.6118170508140015,Medium Trust
317,169,446,0,25.23331199637114,4.175389058521354,9,0.7145549795320083,Medium Trust
318,161,1652,1,23.03605075846117,9.356444875203778,17,0.7906547555125994,Medium Trust
319,68,739,1,55.68782742198592,4.36234807412118,10,0.43599149970126094,Medium Trust
320,33,1038,1,6.679359669522073,8.792046520149865,15,0.6130407225515067,Medium Trust
321,142,1054,0,17.430078115764054,6.094497189497177,16,0.8808748853020996,Medium Trust
322,21,975,1,52.87008432642342,2.54660239114778,18,0.7583077439489101,Medium Trust
323,48,862,0,39.70492173643933,3.622962116666193,17,0.5878428470482978,Low Trust
324,148,1302,0,9.651156910151427,0.9308034046321512,2,0.7643537738102769,High Trust
325,128,1305,1,63.5726964211673,3.4012796766005042,15,0.3827556884507219,Low Trust
326,136,763,1,28.631521029296795,6.807655360484987,5,0.5810483273954135,High Trust
327,135,124,0,59.69258883553536,0.8138998200014084,11,0.8551899765741393,Medium Trust
328,195,1303,1,56.82148061023117,2.133473943932491,10,0.4543561509956536,Medium Trust
329,145,809,0,45.146419422728556,3.876266309991784,14,0.43017305529019234,Low Trust
330,128,1624,0,35.855400887599146,9.82229041645803,14,0.9655730619415019,Medium Trust
331,33,1979,1,70.53788508729562,7.8701320472929135,15,0.44692834071036147,Low Trust
332,176,1284,1,10.865002675156918,7.361518790271829,9,0.48264300575511765,Medium Trust
333,187,276,0,52.34863451990471,1.2502904696019153,11,0.9787311572330366,High Trust
334,115,384,0,14.170135154732414,7.831859346788415,12,0.8142959991855179,Medium Trust
335,119,162,0,24.68581203126291,7.874161234008549,3,0.7897175731164696,Medium Trust
336,22,1102,0,22.57196015118346,6.05091668668085,6,0.8970484686982068,Medium Trust
337,158,761,1,68.2130731233187,9.904581641783881,1,0.38107615756575597,Medium Trust
338,38,765,1,69.66596671186167,3.3200136686530644,14,0.7941693656060049,Medium Trust
339,109,255,1,13.585604262782992,9.418597237594332,7,0.6525820265297673,High Trust
340,51,1592,1,2.0755139612715494,9.155838038069385,6,0.8804054481988979,High Trust
341,182,1172,1,51.980574835912584,0.21365853151884062,14,0.655699203065636,Medium Trust
342,8,1066,0,30.38628027173963,4.556153612100629,13,0.7341689479882385,Medium Trust
343,27,948,1,6.852077523760854,9.773331907210576,7,0.6344194884796751,Medium Trust
344,27,1207,1,49.388418548758544,1.1209014878399504,11,0.6347112464890908,Medium Trust
345,21,1484,1,39.47504527064003,5.523068474394862,12,0.837578984643282,Medium Trust
346,30,788,1,70.60695277307909,9.79167931970693,10,0.7399964804530982,Medium Trust
347,97,247,1,16.759778954088592,5.599404698648016,16,0.7432842411265872,Medium Trust
348,28,1753,0,29.3844181573482,1.9791714994243443,16,0.615197738682068,Low Trust
349,111,441,0,39.29202494277274,5.863613977916638,3,0.6717766474362692,Medium Trust
350,192,575,0,57.106549174414646,2.123961682100514,7,0.8220023663433511,Medium Trust
351,197,1186,1,39.741963955484195,5.245072202655394,4,0.8781586433783428,High Trust
352,61,1824,0,44.322361501629366,0.8330179573322452,15,0.7875929815008322,Medium Trust
353,48,1483,0,16.669514188680765,6.094278425222606,3,0.9468510921919782,High Trust
354,147,660,1,61.05468905833203,5.216220397368766,14,0.8742268617030406,High Trust
355,4,426,1,31.147084108389016,7.427597550738485,11,0.6933046528666629,Medium Trust
356,35,1892,1,10.578613367806502,6.343934664471972,4,0.7699842508506158,High Trust
357,192,1859,0,47.98943588713734,5.5411020584544906,15,0.9484157938448372,Medium Trust
358,49,1264,0,15.950467402749487,6.928810607556399,13,0.7334176309701408,Medium Trust
359,17,1089,1,7.475719482109931,1.5250249443650856,9,0.8773648635858815,High Trust
360,172,314,1,62.13206395090547,5.99406064646018,6,0.7821673525129909,High Trust
361,158,534,0,33.40160191092344,1.8038949679454992,12,0.6863554527423266,Medium Trust
362,46,1051,0,54.073785457748016,9.26266985773362,19,0.46928673679074717,Low Trust
363,117,822,1,21.27701052615439,0.7765076379714816,4,0.5981982636278996,High Trust
364,6,1441,1,56.76836464661314,4.360710021938853,2,0.977419977383601,High Trust
365,99,131,0,8.503418782039418,6.988395028788904,14,0.76043576829082,Medium Trust
366,124,769,1,25.95209622633197,4.634419895515761,3,0.6950767662372928,High Trust
367,37,384,0,70.4314199851073,1.0117430070057334,14,0.9530696378697592,Medium Trust
368,24,1428,0,57.27026472031243,5.578452259654402,13,0.7105582467262141,Low Trust
369,93,528,0,36.053799017500204,6.45215589739081,19,0.668257762892182,Low Trust
370,46,1600,0,24.794089216674784,7.067543878806026,18,0.8315175986051435,Medium Trust
371,181,385,1,62.85770255160707,3.7952721631813136,12,0.7988659332905811,High Trust
372,95,1267,1,39.45661477454287,5.680233713184745,9,0.4352120058859029,Medium Trust
373,99,1547,0,54.727388777641444,4.56179610189524,4,0.6299157922018848,Medium Trust
374,188,1142,0,54.41869914260573,6.753354783647309,19,0.6307608099737096,Low Trust
375,116,117,0,1.7831160176471659,5.877213976515703,19,0.5647571606703413,Low Trust
376,191,868,0,9.527145469671861,5.304986573635435,5,0.6621054375065771,Medium Trust
377,160,689,0,47.66349969722407,2.5702912316986617,3,0.5891751784090009,Medium Trust
378,161,1494,1,12.055816506939808,0.11998332570751578,1,0.4395418426298282,High Trust
379,67,1298,1,18.767774142875737,1.8234085855831499,15,0.5886565410922767,Medium Trust
380,128,1109,1,68.18461372527192,1.2589538100992699,17,0.3505938633012236,Low Trust
381,18,293,1,40.5530314738062,4.545938975608372,4,0.703050103942088,Medium Trust
382,25,601,0,54.17715975045332,6.161355692542262,3,0.8975581842587783,Medium Trust
383,54,1087,0,40.39562282295875,2.209541585979601,12,0.8077009590481887,Medium Trust
384,58,1236,0,40.004723456964854,9.396665250075152,18,0.5522758280378779,Low Trust
385,67,213,0,7.2318615739874,0.166153079316489,1,0.3609498439041157,Medium Trust
386,104,1345,0,25.071918271550867,7.7457800501368945,12,0.4415045794576895,Low Trust
387,174,1801,1,20.693809256085586,6.289527218351378,10,0.6818432383463849,High Trust
388,24,1046,0,28.437078141373348,3.798192530372051,3,0.44493995836812295,Medium Trust
389,114,930,1,57.58160945803947,0.5998405496828384,19,0.6807811778994772,Medium Trust
390,32,1767,1,27.09318575605584,6.312117060664366,19,0.4621193173347292,Low Trust
391,175,1387,1,32.79632257506531,3.917573777369916,14,0.8942467086332508,High Trust
392,86,1024,1,28.91276941970013,9.36904468019087,3,0.5780900309883218,Medium Trust
393,151,154,0,7.178669996233635,5.465701741408682,8,0.4718854381611437,Medium Trust
394,194,1994,1,32.036659314931036,9.40254996180573,6,0.868628326172943,High Trust
395,127,1766,1,14.486063022682824,2.2827885653857107,18,0.5399872753638155,Medium Trust
396,155,899,1,13.850715647772466,7.2846865126046225,18,0.37804138148714733,Medium Trust
397,130,877,0,7.223581467050044,6.210765306402384,5,0.6992866439825491,Medium Trust
398,17,1581,0,26.00197465113618,7.420141475329987,5,0.707094943106592,Medium Trust
399,104,261,0,54.65995476244334,2.225211853328114,19,0.8002869726650139,Medium Trust
400,161,1503,1,20.265580876712818,6.6834457107539595,14,0.46815360324586985,Medium Trust
401,137,186,1,22.83296078481422,5.0305998912630026,14,0.6106399373645715,Medium Trust
402,43,154,0,46.451238023578284,7.453967251572531,19,0.49765754332985934,Low Trust
403,176,1599,1,14.5026180999647,3.337741977102996,8,0.3566676152809817,Medium Trust
404,39,1923,0,64.6324920252827,8.911564552106,3,0.913629678911124,Medium Trust
405,170,1301,0,37.69362241248614,0.9345830146523687,17,0.8102088631418387,Medium Trust
406,26,1514,1,32.50361023289551,8.091174256032762,17,0.5110241416211605,Medium Trust
407,99,1472,1,40.3841437229379,8.627064295569399,4,0.7195610950103903,High Trust
408,50,1131,1,12.371453409257976,8.19079788253153,19,0.4408846516941307,Low Trust
409,153,932,1,44.363329412701106,5.175991303191583,10,0.9231656352570397,High Trust
410,152,412,0,26.461702669331746,4.440011302304537,4,0.3804344403533372,Medium Trust
411,13,858,0,64.64882337897025,9.96299663659628,3,0.30268600185546063,Low Trust
412,60,1958,0,12.573075777454559,2.3688023170202053,11,0.6514057384174274,Medium Trust
413,135,542,0,36.75415392637903,5.514072062172842,1,0.7081894764170085,Medium Trust
414,57,1890,0,43.26505299988479,6.739687701285023,12,0.7052757242070631,Medium Trust
415,36,427,1,2.8869275277262574,7.038589595028176,9,0.33815834920647836,Medium Trust
416,173,1177,0,26.504058420064027,2.1198441908119294,8,0.5198306648429027,Medium Trust
417,20,860,0,52.883419281109546,6.574541514164032,9,0.6494392627889323,Medium Trust
418,65,1362,0,59.156991782601594,8.20185870816524,6,0.4516054299390686,Low Trust
419,8,1352,1,22.891082629435687,0.595183910529011,3,0.9108381198401274,High Trust
420,144,678,1,57.59941897536672,9.124060803920633,18,0.3609765026230038,Low Trust
421,142,1174,1,69.69454521289231,0.39209014593753877,9,0.6411691091704299,Medium Trust
422,115,1732,1,61.76648642936923,3.6241132216351044,2,0.7839912402592064,High Trust
423,143,1727,0,8.911545153391751,0.2565506427063245,18,0.4832257700941377,Low Trust
424,92,1106,0,53.39071874411616,0.8637371685418604,1,0.7369685158982626,Medium Trust
425,98,1387,1,23.356178519498947,9.120566023282782,19,0.8805696050996621,Medium Trust
426,66,1541,1,71.17174324296347,3.6131222243868635,9,0.4332358825665332,Medium Trust
427,32,1926,0,35.20316729593193,4.305238151208023,1,0.9420544142774039,High Trust
428,191,195,0,9.254023732664283,2.231909375687271,1,0.6874909728636506,High Trust
429,86,1211,1,52.35076668395844,6.011248124848525,16,0.5094624030107424,Medium Trust
430,51,1201,1,23.59530068461429,5.988551825310117,15,0.6016007927675895,Medium Trust
431,153,1411,1,71.7910882313388,3.784783879069671,15,0.5185343186504716,Medium Trust
432,186,1243,1,70.55444573659831,3.3970452308734442,13,0.8075778119533212,Medium Trust
433,63,913,0,47.41358228847152,8.86114665098782,6,0.8574104643905924,Medium Trust
434,190,590,0,9.782591100047807,3.8945139724577937,10,0.8830561746230627,High Trust
435,125,551,0,49.61056133376458,4.985659822328642,0,0.9900377747100189,High Trust
436,150,1623,1,7.1516797818919455,2.9047171480068137,10,0.8538990047476784,High Trust
437,58,264,1,2.5995373758210505,7.889018083235561,3,0.7209688494819944,High Trust
438,58,281,0,59.34152890483625,4.034736753301007,6,0.5374542088742487,Medium Trust
439,86,568,0,15.497335759383217,5.184749360788813,14,0.6812168140975245,Medium Trust
440,49,1009,0,27.600439524665465,2.608235983590648,17,0.3287477209532838,Low Trust
441,180,834,0,70.10220338329638,9.877829964178392,11,0.821377552870939,Medium Trust
442,170,922,1,24.584095883068883,2.9858078351448567,16,0.6121688815644712,Medium Trust
443,70,1043,0,21.699019361757042,7.730351055964961,0,0.3140162608125313,Medium Trust
444,15,106,0,66.15187197302843,4.3322069385319155,10,0.34375485905728753,Low Trust
445,54,429,0,8.418513840305504,2.141552310332985,0,0.5712265246752296,Medium Trust
446,188,874,0,54.810142323196175,8.017215763252127,14,0.7083950633129046,Medium Trust
447,101,1796,0,71.14668801567335,3.4027072113875274,9,0.6249427642664886,Medium Trust
448,8,250,0,64.9426647703874,8.66541413923833,6,0.7334430221045083,Medium Trust
449,53,1208,0,47.09425618750945,9.161046130686447,1,0.636205981153949,Medium Trust
450,60,246,1,22.955346841980337,8.612255970373631,9,0.7631926918369427,High Trust
451,108,1747,1,18.684021654249644,0.446578356587376,3,0.45338824526956056,Medium Trust
452,5,1504,1,59.07673999830947,7.894996115550545,11,0.37899023102853496,Low Trust
453,103,1014,1,63.40726684754621,4.172260718341525,18,0.7175037682379619,Medium Trust
454,196,1671,0,38.06859624701704,8.749856909804029,10,0.6392826618554153,Medium Trust
455,6,1408,1,17.97030576623233,6.415747200578914,7,0.3188073578314547,Medium Trust
456,109,799,1,8.57543940139891,8.353067028025189,17,0.5663373198451251,Medium Trust
457,116,181,0,6.733331949975929,5.04437452168167,10,0.3742879098436968,Low Trust
458,94,613,0,51.91403748580068,5.396752495529435,10,0.6719497822268866,Medium Trust
459,47,914,1,30.538489041112335,1.5294375581233057,12,0.5770443757623015,Medium Trust
460,99,808,1,65.23323101086773,7.861474851024619,2,0.7292063377721125,High Trust
461,55,1646,0,53.3864980019636,4.251957155503019,11,0.8639215531391669,Medium Trust
462,168,845,1,14.175119880892948,5.050793170888667,2,0.5097680786890435,High Trust
463,52,1122,0,44.38508544532248,7.872467369547505,9,0.9734714729155192,Medium Trust
464,144,1509,0,31.638639989468395,6.0285694607864455,16,0.6749441504113021,Medium Trust
465,13,806,0,41.77335574995583,2.0908774016824077,1,0.7328035591283515,Medium Trust
466,114,570,0,53.27194231870398,5.943303325593838,16,0.7764706612580159,Medium Trust
467,124,1242,1,58.14300549177104,4.135565293998591,15,0.7667120709003128,Medium Trust
468,106,495,0,60.82721883808079,4.74830286623424,1,0.6576795201315434,Medium Trust
469,158,1655,0,18.659203531899767,0.38028161658641113,19,0.6001350037802784,Low Trust
470,147,360,1,2.7247653940910745,2.179290560211188,5,0.3376473749241645,Medium Trust
471,145,904,0,53.359573564281284,2.88227700567218,9,0.3154600917108258,Low Trust
472,120,1033,1,8.103576427287884,7.1583040778021765,9,0.5505728361729352,Medium Trust
473,63,1379,1,23.016750585827186,0.2137754856513416,7,0.5335626234435848,Medium Trust
474,19,1857,1,0.7729250898908208,4.146894886168407,0,0.5713866083873047,High Trust
475,92,1004,0,49.23936799171584,9.247866017214754,12,0.396857740621733,Low Trust
476,58,1349,1,12.449938820192319,1.2076181038363263,8,0.8167177893757904,High Trust
477,183,1176,1,47.35269229295356,5.212601443364249,9,0.8998750903433672,High Trust
478,90,1039,0,71.40959712750048,7.886571585669386,14,0.9571002447618244,Medium Trust
479,117,1990,1,5.695967320116164,9.431059944449155,4,0.6446536124637381,High Trust
480,62,1623,1,6.011077854529439,7.493088731383808,15,0.7906059893877999,Medium Trust
481,23,1629,1,24.837176625667254,7.23359893157962,12,0.8988857864051107,High Trust
482,127,953,1,62.44663576897096,8.282232092938047,19,0.5928037777654401,Medium Trust
483,137,1487,1,15.910385618580227,4.517392087677682,17,0.516588956409311,Medium Trust
484,140,1403,0,26.267014125019852,8.077860872916547,10,0.9557071890974431,High Trust
485,129,692,1,5.398136573829039,0.17884760697996616,8,0.6609735857539512,High Trust
486,58,813,1,55.06560332501059,9.253154448230369,15,0.6480777206136146,Medium Trust
487,122,1281,0,29.693903507300753,4.488734444220036,1,0.424891267594447,Medium Trust
488,1,731,0,54.78628441385026,5.578463859870901,1,0.3757085102013497,Low Trust
489,34,158,0,65.10796087079585,2.623334264257335,11,0.8894748037384581,Medium Trust
490,96,1850,1,17.142565017742147,7.451055245120172,7,0.7298932233312626,High Trust
491,126,227,0,58.22881616930652,0.8586944841049633,8,0.5280772088136141,Medium Trust
492,118,835,1,4.725213140595109,8.739094445213668,11,0.4342153521731865,Medium Trust
493,48,820,1,64.76758825488768,8.298356607162793,8,0.688848096118742,Medium Trust
494,89,1238,0,47.02995115045044,2.2389951508231873,9,0.7087435024827947,Medium Trust
495,117,1332,0,63.00721077589213,8.112311543024097,1,0.4448955208715407,Medium Trust
496,129,625,1,0.5134705682956057,7.884941557308666,15,0.8959840235240317,High Trust
497,16,620,0,12.589296530453465,6.358944317764095,19,0.3589850563090957,Low Trust
498,189,651,1,28.367796200994185,3.7978497513069067,6,0.5492651596164951,High Trust
499,192,336,0,27.634457591292378,2.7878376664004922,1,0.7762690896337654,High Trust
500,191,1404,0,16.711222379031014,2.3946575438645654,0,0.49188425467344044,Medium Trust
501,69,1482,0,27.785253700504807,3.2542287313597114,18,0.8793726363468903,Medium Trust
502,22,1324,1,9.71268290801822,9.04522858998205,3,0.8179074786202825,High Trust
503,93,1881,0,30.012420742520863,0.8686436822889346,1,0.8523159911836939,High Trust
504,195,1401,1,57.86833453488739,8.305825634904291,13,0.3833745751137014,Medium Trust
505,76,1358,1,34.75350951188961,3.5540117429140534,1,0.39838298959688,Medium Trust
506,154,593,1,1.7870063595828716,5.263834020512446,14,0.5005316164212086,Medium Trust
507,144,103,1,30.633248972916192,7.965407773120058,11,0.6626540156382927,Medium Trust
508,179,765,0,2.4430136504953577,8.855327815527415,4,0.8236112536895817,High Trust
509,86,541,1,69.58640386553607,3.5133360587192057,19,0.8855716235326323,Medium Trust
510,185,128,1,9.612958098735131,4.672250464623592,6,0.7930347211700263,High Trust
511,29,1232,0,51.09971533263924,4.203709041686243,9,0.9500178170714468,Medium Trust
512,69,709,1,70.05350708678414,0.23118523168871444,13,0.8171204567311512,Medium Trust
513,47,1850,0,59.56179219415989,3.029834599700701,13,0.5143875209032303,Low Trust
514,94,904,1,50.50104932152356,4.645973413952362,4,0.4855568990370008,Medium Trust
515,190,174,0,60.52145502930483,4.1698267279163534,17,0.7873347152107628,Medium Trust
516,197,937,1,70.69860656813488,7.247099352405226,13,0.43500939808273,Medium Trust
517,144,1269,0,44.926131553627364,3.9095558104889223,1,0.3649003675671889,Medium Trust
518,176,227,1,40.48171368829684,4.9448268448096355,11,0.6725560123993357,Medium Trust
519,85,1976,1,45.41902489812462,4.353125062110397,5,0.8751490988452686,High Trust
520,39,141,0,38.58632590345118,7.432198874054268,3,0.37096588972890443,Low Trust
521,100,1479,0,45.90887107254489,8.64342674997093,12,0.8543239266570104,Medium Trust
522,33,140,0,32.663717870037985,5.36570188217439,3,0.8681004030460837,Medium Trust
523,101,1033,0,16.11868757615646,7.915378722532393,13,0.6375918000570804,Medium Trust
524,23,133,1,9.097676695584807,3.038188151996521,15,0.34011721700734077,Low Trust
525,10,1140,1,5.386376890556618,5.45955914055696,3,0.42221289587303046,Medium Trust
526,69,1800,0,19.327078538353806,3.5177765413327275,0,0.7951983926133526,High Trust
527,100,1276,1,3.7978348500049695,4.20058916316112,12,0.7982445614936646,High Trust
528,34,1097,0,41.05271076423607,7.350897261645419,3,0.9288486926173656,Medium Trust
529,180,1501,0,20.7937339621817,8.828458575093856,19,0.7078803025882079,Medium Trust
530,138,687,1,59.4542387782228,1.3028043717688778,17,0.3868751573996442,Low Trust
531,147,1722,1,5.80822241866963,6.382928639225067,5,0.3849904338534805,Medium Trust
532,186,1752,1,16.684131845416246,5.863223695020205,2,0.8047926501497766,High Trust
533,96,1997,1,52.71259951694543,1.2723088878417257,12,0.4286492655755308,Medium Trust
534,1,441,1,43.31479319141964,2.19775387135708,15,0.5298698497316237,Medium Trust
535,69,126,1,5.111125894315479,3.178924697853535,4,0.6410484048453398,High Trust
536,4,1948,1,63.22262118709733,1.7526176010932648,3,0.3173354143033058,Medium Trust
537,16,1410,0,63.22421604207184,2.512921876990984,7,0.4741733189139523,Low Trust
538,24,745,0,24.12417227711783,2.7492479087309047,18,0.585522725955096,Low Trust
539,80,830,0,24.839017799493877,3.4231709470866907,13,0.4957454229452444,Low Trust
540,2,267,0,71.21552762203743,7.518965482731474,6,0.39545922922729604,Low Trust
541,128,709,0,45.271596268909384,5.7619308181209465,13,0.8096085804573381,Medium Trust
542,160,367,1,38.48913122061623,9.863842052318875,5,0.8692033586175894,High Trust
543,84,1872,0,60.4278811239626,4.205884686977963,11,0.4802352833006074,Low Trust
544,152,920,0,20.898259192548124,7.563264230985558,15,0.8420936462244122,Medium Trust
545,140,554,0,31.18655542783952,8.727537371627685,16,0.5698874950809196,Low Trust
546,178,1005,0,19.646032297415893,6.821887081076615,12,0.6546800535978019,Medium Trust
547,163,1808,0,56.9250005310943,4.17746093013321,13,0.8992007524252068,Medium Trust
548,124,1524,0,41.49447821291809,7.5605868443829545,6,0.8249675772616853,Medium Trust
549,33,1021,0,47.60599251501504,2.11630466394958,13,0.8635817959213243,Medium Trust
550,161,1080,1,18.53996836351757,3.3427664352833113,14,0.39579161661044976,Medium Trust
551,189,1599,1,16.246109048478033,5.512184025482958,11,0.3488035980836106,Medium Trust
552,179,801,0,35.41878597228012,5.796552934132868,16,0.9253833103615909,Medium Trust
553,171,733,1,53.23595106013712,0.31920060717903165,8,0.571483988699766,Medium Trust
554,101,1681,1,38.05464266269145,9.456630468684486,14,0.5015157746487766,Medium Trust
555,12,1699,1,2.834165944515305,6.996609985052161,11,0.8072873779832772,Medium Trust
556,67,229,1,62.60143270190065,5.007467127295722,1,0.8854909176058996,High Trust
557,65,1119,0,5.125112886331907,9.337959620642252,4,0.9037427353288106,High Trust
558,161,1945,1,68.84145058603379,4.447046095983202,12,0.5211979987876592,Medium Trust
559,168,1486,1,2.297650016825,9.80631214567668,19,0.8965486738411719,High Trust
560,74,1828,1,50.15320761334568,5.1716190967105025,7,0.32865376106204175,Medium Trust
561,43,918,0,6.377805055392389,1.2314291229799967,13,0.3347630440218032,Low Trust
562,44,792,0,65.61337542961247,7.671529627346844,14,0.736463436621908,Low Trust
563,29,1415,0,33.70697639012631,6.821087478270621,10,0.34417445838088234,Low Trust
564,141,1494,0,10.332949899416601,7.752568540925309,0,0.527226417957113,Medium Trust
565,12,893,0,24.868322534974034,9.519276084384243,2,0.7709291903728468,Medium Trust
566,95,128,0,12.284964287293485,7.78724409624508,16,0.5360868272379584,Low Trust
567,46,248,0,12.696606676331935,6.152232361944804,18,0.4257198470080671,Low Trust
568,130,1902,1,68.28974489225811,8.587358133372325,13,0.4969454352976891,Medium Trust
569,35,1419,1,32.335097028362355,6.765139749609862,7,0.6203027325753022,Medium Trust
570,81,110,1,56.89936186923321,4.140378662576638,12,0.6327700987488376,Medium Trust
571,90,1635,0,46.231797624204255,8.867635665993555,19,0.8481001619430413,Medium Trust
572,8,775,0,48.86448490719505,2.2968145617652915,2,0.8251072606020586,Medium Trust
573,93,1236,0,9.916080850750754,7.17494862159637,4,0.6197724631892946,Medium Trust
574,154,286,0,17.244187947307225,8.827478203913493,8,0.8919671443691399,High Trust
575,90,906,0,56.75264896354224,7.340033545062632,5,0.37996599701397704,Low Trust
576,162,843,1,69.90978376294699,7.003026648633184,1,0.478747345160231,Medium Trust
577,115,1350,1,19.2813084458036,7.551119111311176,12,0.879583524451576,High Trust
578,105,1433,0,19.91716667969935,4.704046958176379,4,0.5645958270383071,Medium Trust
579,135,197,0,34.31214499597969,8.754289753354557,7,0.9868270911556896,High Trust
580,196,154,0,70.8445823691638,2.114021103847303,0,0.6263772970694848,Medium Trust
581,58,722,0,19.73056462659268,1.361125518403359,19,0.8543549360746348,Medium Trust
582,114,763,1,29.598491538849867,2.9265369231732645,11,0.5816149289676603,Medium Trust
583,75,857,0,64.24082111708074,5.362616228072432,10,0.5974674633437013,Low Trust
584,157,505,0,0.7088538324273835,5.154561774552447,6,0.5680182030989285,Medium Trust
585,120,168,0,3.3432664966827224,8.223927700998207,14,0.8033529343575683,Medium Trust
586,164,1435,0,43.69112491059217,4.105229698399772,10,0.6832625188419961,Medium Trust
587,21,1412,1,65.37768177696856,4.895009820285935,15,0.9606446779578584,Medium Trust
588,164,1885,0,17.578251218737826,0.2323400642680168,2,0.4756232215738733,Medium Trust
589,138,1671,0,34.079386889670694,4.156418440785097,19,0.370393912458411,Low Trust
590,101,850,1,32.70826906853401,6.512964906208387,13,0.5752830395694506,Medium Trust
591,152,1271,1,34.31745124582898,0.2535324732032626,2,0.7316988953527432,High Trust
592,192,1590,1,45.01015824467678,2.8807314553438133,0,0.9025592558408464,High Trust
593,177,1862,0,34.08667905383389,2.1587679569649607,14,0.5423378206762294,Medium Trust
594,99,1367,0,32.49397210455574,0.5156557462049235,0,0.757650725787123,Medium Trust
595,36,1614,1,34.41162206083513,4.844674890153921,16,0.5451390767162533,Medium Trust
596,96,1972,1,42.747022050879465,1.8990606029587496,1,0.7320537080961207,High Trust
597,152,1057,1,38.89603541712212,7.456507242350663,19,0.9193655629214557,Medium Trust
598,151,1630,1,61.570723832011055,8.49448604925715,5,0.4619503495815863,Medium Trust
599,190,464,1,4.039025024797163,5.501293308424563,7,0.5829691494749274,High Trust
600,37,581,1,60.08217061032039,9.818902690959302,15,0.9952856375008226,Medium Trust
601,12,300,0,60.84060980173827,4.559737857558893,18,0.9079899197746224,Medium Trust
602,113,253,0,20.8709235394637,5.182345281226664,0,0.6952479005273413,Medium Trust
603,183,1573,0,33.59391478363332,9.893255764181726,2,0.6616393142979926,Medium Trust
604,13,1624,1,31.855501930426637,2.3923295160539833,2,0.49922026761327665,Medium Trust
605,23,172,1,16.123453156320316,9.431204802801362,4,0.6620465993854705,Medium Trust
606,99,812,1,28.870974566671627,0.5240917956792212,11,0.893727048795963,High Trust
607,105,395,1,3.673725710216092,4.519230213605628,11,0.7796221592944463,High Trust
608,30,1140,1,20.364278203894013,0.7930347701173511,19,0.5030308197245905,Low Trust
609,17,1764,1,58.89277554472634,7.319423954845066,12,0.44102474473747305,Low Trust
610,113,1340,0,20.846204576047175,6.123248465212176,19,0.48564597589778036,Low Trust
611,62,160,0,59.0017768154997,7.095679208329204,8,0.41883144097497854,Low Trust
612,84,1038,1,38.509361719216805,3.807355959683368,6,0.3669484872166011,Medium Trust
613,112,1739,0,63.41018143132294,3.757871146910665,3,0.5933953221094385,Medium Trust
614,86,141,1,41.59673812990569,0.5486608617128566,18,0.37930972307878735,Low Trust
615,141,124,0,2.621277949128897,3.564454901343434,18,0.42033879040897304,Low Trust
616,187,1162,1,48.79254483961688,9.299955182394388,5,0.6831272790376403,High Trust
617,19,1926,1,3.707030113685159,3.854342718086445,12,0.4152194915897023,Medium Trust
618,177,230,0,32.717686857294076,8.330540291597503,10,0.34471583720163196,Low Trust
619,100,1621,0,66.95400865482765,8.439022497024347,12,0.5221721950195196,Low Trust
620,140,1352,1,12.312081662656286,3.795087448154415,12,0.45422336903537724,Medium Trust
621,189,207,1,28.3758732353204,6.356687935922271,19,0.6607136315960637,Medium Trust
622,147,271,0,52.685012082666205,1.0441788625032806,14,0.3716569592082465,Low Trust
623,76,1558,0,63.5814867607816,1.1264179492693374,12,0.8262395513780847,Medium Trust
624,9,1601,1,48.472424839089314,0.5817108702509618,10,0.934363463604597,High Trust
625,199,201,0,18.959387674668598,5.8520494244135834,18,0.8204046217693362,Medium Trust
626,28,965,1,48.734461483509456,4.31810267849836,7,0.672978926180976,Medium Trust
627,128,623,1,21.716026338942434,5.525520330975977,19,0.9024674752522195,Medium Trust
628,52,374,1,51.86768993203957,5.258624586033039,7,0.7864428658470553,Medium Trust
629,83,1736,1,68.71336862233039,3.56700961179823,9,0.30738578571513286,Low Trust
630,111,1167,0,52.07963175409961,6.8069868067523815,15,0.5758631069421521,Low Trust
631,144,916,0,62.195955958237484,7.609168621072268,18,0.89566632958476,Medium Trust
632,117,1056,0,0.6504247870756641,0.2448197628889896,10,0.5421012005826884,Medium Trust
633,69,1140,0,51.806406918309,2.1516987677118955,12,0.32465062146786644,Low Trust
634,99,429,0,59.815510315865396,7.161035094025035,8,0.8223257469865906,Medium Trust
635,140,1692,0,3.399949734444722,3.9275397090749586,19,0.8614267891980079,Medium Trust
636,25,1946,0,62.81923750110849,6.658591074721921,18,0.41241558653031596,Low Trust
637,180,1620,1,18.85363732416828,3.5349303313721285,15,0.6761383477902267,Medium Trust
638,123,1938,0,48.06838529143095,3.9684760080634076,6,0.434368807297008,Medium Trust
639,53,111,0,57.725373850173575,1.670920849527881,18,0.8034640933309027,Low Trust
640,151,1441,1,47.880512683743916,2.6564870946949846,11,0.49008531862423993,Medium Trust
641,144,1715,0,7.098362633237892,6.093576399325114,14,0.521350585794331,Medium Trust
642,57,315,0,43.13698859851633,4.388314802020147,13,0.8914795975480709,Medium Trust
643,39,438,1,39.795231455633264,7.765596561151492,10,0.633425646544833,Medium Trust
644,109,1899,0,64.87297066731041,8.540591053889592,9,0.7688281158527734,Medium Trust
645,181,760,0,29.403140669560955,5.4622995403459225,10,0.5816611355057273,Medium Trust
646,42,1204,0,23.457298441724085,7.606846191354985,5,0.5086048000356288,Medium Trust
647,186,1850,1,54.114329657207335,3.1383546806262435,1,0.7378346422972629,High Trust
648,167,1608,0,30.006285814962858,4.208215032460774,10,0.4084003018551749,Medium Trust
649,142,473,0,46.69587651286201,7.156498994546626,18,0.5610998848968041,Low Trust
650,122,1075,1,46.7211814439094,3.923498728888604,5,0.44632592617014555,Medium Trust
651,133,809,0,63.99479310174842,5.926198858073989,13,0.7870564768585218,Medium Trust
652,163,1323,1,43.30650676581546,1.9351905129168638,19,0.9609461868422753,High Trust
653,75,1660,1,36.40398311228206,6.03773601820793,5,0.9968576776111064,High Trust
654,146,565,0,10.429299837350966,8.628985701546247,16,0.6151937673091135,Medium Trust
655,76,1212,1,8.775238877527434,8.699532434251914,9,0.4767712727455111,Medium Trust
656,9,1391,1,11.533991917740176,7.271009622662443,0,0.6099805592690268,High Trust
657,74,1778,0,12.787166414887258,7.482958452853648,2,0.8930885869739067,High Trust
658,186,1694,1,46.108212125449825,5.623481706991937,7,0.4442039749864279,Medium Trust
659,145,588,1,53.480159394632366,5.8882140926416655,7,0.9664669561570465,High Trust
660,7,1661,0,38.39439388923894,1.4231407559641283,19,0.5393060381587057,Low Trust
661,174,146,0,59.77476787700261,4.494205965370881,14,0.9900625616152134,Medium Trust
662,141,1411,0,71.37532071145478,4.562685210475002,6,0.8870262212737736,Medium Trust
663,168,877,1,59.13090298203395,9.589128573110628,10,0.8659993739031733,High Trust
664,170,1139,0,50.18408971783108,4.367759939970565,6,0.5225332716412985,Medium Trust
665,137,810,1,38.57322800975598,5.538492184537301,3,0.30614404836355064,Medium Trust
666,178,500,1,32.592994624741635,5.379188852863114,11,0.5674930361781915,Medium Trust
667,27,1917,1,6.534055208934777,6.403940998738839,5,0.5112665587638856,Medium Trust
668,122,1080,1,29.054865510220402,7.5075050301857695,13,0.3261778932861581,Medium Trust
669,194,1209,1,65.5746265299226,2.327914574091634,11,0.6537556795541508,Medium Trust
670,5,349,1,58.27361803831853,5.3343717490745135,10,0.5821219178979156,Medium Trust
671,29,490,1,15.947672598335634,8.276585302428701,18,0.7441895274190673,Medium Trust
672,165,1905,0,33.86245660585094,4.684835666991363,4,0.7348304255358582,Medium Trust
673,166,434,0,58.895708982935936,2.856729709098373,13,0.3845226451276761,Low Trust
674,83,728,1,5.31799566716486,6.581619846027361,15,0.9838758822886358,High Trust
675,136,1642,1,28.19856987530914,8.255297218411316,12,0.43085200060901285,Medium Trust
676,109,236,0,61.40664843648726,0.7250888999811741,19,0.6116918173352932,Low Trust
677,65,982,1,29.37869728816385,7.790225785731549,3,0.6416822804036144,High Trust
678,86,787,0,6.049447098298022,8.234314536321534,10,0.8691439580498841,Medium Trust
679,145,1963,0,39.29120735005598,4.669076983127207,16,0.36946071726625274,Low Trust
680,71,1621,0,62.11458838665812,9.834726002502826,6,0.6000509954459722,Medium Trust
681,45,926,1,42.70541632115092,7.88841257300236,13,0.7399515191653427,Medium Trust
682,132,826,1,16.678956237317575,7.759259392467091,10,0.45060893513683886,Medium Trust
683,36,1600,0,27.973132839822764,7.503601886679511,8,0.7392275291362509,Medium Trust
684,70,693,0,32.683820324508154,1.5910202218609129,12,0.9465653862847567,Medium Trust
685,159,1346,0,41.91754429816767,2.250585775884807,17,0.9982626918208723,Medium Trust
686,19,1089,0,54.793598341311835,4.693502301497808,10,0.322715753753473,Low Trust
687,189,471,0,7.569463661305432,2.7136430645987124,14,0.46491175977127425,Medium Trust
688,108,1034,1,64.11012036075599,4.210885626107,18,0.5172149810541882,Medium Trust
689,182,1094,0,1.3801437656494047,8.895794688236915,0,0.5793882703114762,High Trust
690,167,501,1,26.95874192920925,8.260836229604765,3,0.46958001030933716,Medium Trust
691,91,1566,0,2.4605521630450222,6.337394796951823,13,0.44244159618871876,Low Trust
692,90,1613,1,28.597657112188326,8.595391903085925,13,0.9681876896922499,High Trust
693,19,714,1,38.09560081944265,7.8593466512707675,2,0.9429651219393624,High Trust
694,39,1396,1,37.08521914057809,4.346950825224815,16,0.3328947507021822,Low Trust
695,126,1649,1,12.342426812520973,2.090545005294457,2,0.5371691151233937,High Trust
696,195,1282,1,46.67044647183628,5.1905902960924575,15,0.5836039875748846,Medium Trust
697,173,1275,1,3.701659211083778,7.388665937032646,13,0.46731017426616034,Medium Trust
698,141,1094,0,54.9763376394677,4.420554027422971,19,0.7402110278917229,Medium Trust
699,126,719,1,68.18507703053855,6.701041906860582,12,0.7482665226509687,Medium Trust
700,58,287,0,24.79347114130493,1.033841520281332,14,0.8953529598300178,Medium Trust
701,148,1936,1,37.482615792574734,7.505246890076894,13,0.8186084878696525,High Trust
702,61,1221,1,27.592084881205228,8.145864836941314,18,0.6798013288761688,Medium Trust
703,127,230,0,0.9797929067402867,7.097694772227357,5,0.7575107390310939,Medium Trust
704,105,904,1,28.090026957000788,9.67590951651102,9,0.49179214708011265,Medium Trust
705,167,1294,0,57.107998537186276,8.28385536886034,14,0.7151393329771503,Medium Trust
706,1,1035,0,43.11320221611895,9.040627905977729,19,0.6424590783249434,Low Trust
707,131,1085,0,7.740083894983863,9.342353726230716,5,0.39334112712145924,Medium Trust
708,92,282,0,61.07047351310563,8.033345119550706,9,0.46978099360807946,Low Trust
709,190,1082,1,38.472602159294865,6.775162535864341,6,0.5041854155051102,Medium Trust
710,191,463,1,60.683220364744344,0.15661395547181395,16,0.9470166969367906,High Trust
711,113,138,0,41.9858385931296,4.711674956908935,17,0.4612706475701226,Low Trust
712,153,1650,1,40.5177238059127,5.754506756361374,16,0.5024707319737677,Medium Trust
713,56,596,1,8.026031741586387,3.1098996972351967,8,0.5585478910626026,Medium Trust
714,161,1639,0,12.4662209194119,3.2492340243443736,9,0.7646199170377709,Medium Trust
715,166,1472,1,69.99980583950627,9.615478215530635,9,0.38276687473049836,Medium Trust
716,117,1081,0,16.83680239296611,8.927937565507184,6,0.9677616487456433,High Trust
717,134,1020,0,70.3878264363113,8.506872154466873,15,0.905899854066335,Medium Trust
718,58,1520,1,38.53175851648483,4.119516836890495,17,0.7040512511062651,Medium Trust
719,44,821,1,10.208916865071505,0.235615649048254,5,0.7718265071974697,High Trust
720,173,1284,1,7.600107496889046,0.8942002399115694,19,0.31166232987095116,Low Trust
721,160,115,0,15.43378105546041,3.1907440453542764,0,0.537261342743914,Medium Trust
722,173,592,0,66.68306909681151,0.25585483865720215,0,0.8569621614630094,High Trust
723,61,1549,1,30.111741039468214,0.26978284096046135,11,0.3542380816546701,Medium Trust
724,47,1231,1,28.77355016149338,9.174372686259868,1,0.4976196839475041,Medium Trust
725,149,993,1,22.894247666517444,7.090969170978635,3,0.7097077798340179,High Trust
726,80,1573,1,11.01492231551107,3.1586643016747113,16,0.47948911938925926,Medium Trust
727,118,410,0,35.38136059925706,1.4131813182494364,3,0.9537845819011634,High Trust
728,164,838,1,9.798416449546416,5.165193607161263,10,0.39174104156300327,Medium Trust
729,147,1293,0,60.236836901336424,0.15292699245820812,3,0.858176050535445,High Trust
730,20,645,0,26.983384518684414,9.390296064195626,0,0.6555640843344857,Medium Trust
731,185,513,1,27.29845509639844,4.2066696819505776,6,0.8252315430739692,High Trust
732,146,350,1,34.39145963654565,4.083116056849594,17,0.5175007298180132,Medium Trust
733,47,858,1,32.255131491351236,3.966876715059644,8,0.6601427216184271,Medium Trust
734,49,1904,0,71.63234507374149,0.7863504708388711,2,0.8997847448062233,Medium Trust
735,14,1264,1,39.49475016710863,6.419390173939083,7,0.626814669386173,Medium Trust
736,143,1397,1,6.806421820975754,7.356735834320698,18,0.5518039033371887,Medium Trust
737,159,1539,0,43.89172992275049,6.793641436124074,3,0.6753087703769152,Medium Trust
738,1,1731,1,11.338276940196417,1.4705113839610038,17,0.8021539271254567,Medium Trust
739,117,1862,0,2.712041598290951,5.830517663552366,19,0.6104943418489519,Low Trust
740,54,1162,1,69.90806398792324,5.737896393305313,10,0.9572138825995911,High Trust
741,118,913,0,55.80803074472132,8.697266800619682,13,0.5064620768296394,Low Trust
742,3,128,1,70.57779295758434,3.8533638179189054,17,0.6328245243183843,Low Trust
743,144,1057,1,34.66830903359033,3.777710842228399,15,0.829849361539009,Medium Trust
744,185,576,0,38.55641347715179,6.223417881310037,2,0.7823847633470307,High Trust
745,12,417,0,12.536092348217812,6.367419269645179,14,0.9045487366920093,Medium Trust
746,74,344,1,18.15388100673237,4.745923750525324,3,0.9977664264767763,High Trust
747,16,847,0,60.45626886555222,4.486287687071169,4,0.5988008301565626,Medium Trust
748,102,796,0,25.967273768907983,4.992061939315039,16,0.3778056158483183,Low Trust
749,152,371,0,59.61727062644396,8.624348465082788,6,0.3212911165655776,Low Trust
750,156,1563,0,51.19448128652277,4.665552322413709,15,0.8088138342978402,Medium Trust
751,117,1871,1,13.167721156938384,9.405324740501243,13,0.9118095699161008,High Trust
752,8,1362,1,36.78241517756156,5.089637259603627,15,0.45449881016109306,Low Trust
753,122,476,0,48.93319348858825,9.497086862490825,6,0.41091362603293413,Medium Trust
754,92,365,0,17.305160858473496,8.34503582850385,8,0.3435435640679837,Low Trust
755,164,1025,0,59.8942285021855,3.6880700938967084,3,0.8758920452020444,High Trust
756,90,1020,0,39.45517751448086,8.650050070836498,10,0.517967357924809,Low Trust
757,136,1482,1,12.31480660664613,1.1896265135910409,1,0.5811878249318435,High Trust
758,186,439,1,42.18338647076907,9.257967035895843,11,0.6519251341267286,Medium Trust
759,60,488,0,71.97953699714786,6.353270799320627,11,0.8876172639466855,Medium Trust
760,178,676,0,11.26228665393407,0.6384684103708808,3,0.7555832550930395,High Trust
761,28,1812,0,58.89812050354626,6.478141564143034,17,0.7305452409004678,Low Trust
762,101,102,1,15.322593727910395,9.745051776033085,6,0.42297046996913745,Medium Trust
763,41,1552,0,56.440765556396244,0.7910264806848263,0,0.6592329241968808,Medium Trust
764,192,1265,1,53.02232150318105,5.5914083268228545,12,0.8007667120250586,High Trust
765,155,475,0,21.984991070430915,7.5031640626177865,5,0.9812826181213441,High Trust
766,191,1793,1,23.79635290585816,8.12156000832536,5,0.44098441644934655,Medium Trust
767,145,423,0,57.16527952534872,4.196891906675878,11,0.30668034714705866,Low Trust
768,161,245,1,33.493354099942856,2.121248935765606,7,0.3527110035189288,Medium Trust
769,157,392,0,52.75348905289433,0.5191885598466,18,0.5630967256273854,Low Trust
770,141,1788,0,11.080866536657185,5.839288955262525,4,0.8743812534221909,High Trust
771,46,531,0,61.457881405961075,4.583819595649347,17,0.3049994572377715,Low Trust
772,35,804,1,51.32825724278582,9.492569511982138,4,0.6197114150200882,Medium Trust
773,134,1048,0,65.34641083169062,0.6999885863776069,9,0.5304614307389761,Medium Trust
774,82,684,1,9.96462510100053,6.885413900115457,0,0.3367371970698093,Medium Trust
775,115,498,1,42.90053677578273,0.347165598988566,9,0.615165400670832,Medium Trust
776,197,916,0,43.337121830383246,1.797198349434373,4,0.4783240951357032,Medium Trust
777,47,1467,0,25.772442949094945,4.590432099236057,11,0.5463193840429045,Low Trust
778,153,1063,0,33.28034935670193,4.603237183748395,6,0.793930713349005,Medium Trust
779,194,1263,1,3.2156817752245233,6.888435375043074,8,0.6650856887376769,High Trust
780,10,286,0,53.82899276183136,9.11110904519079,11,0.38725320029496935,Low Trust
781,56,1928,1,39.776557277326944,6.426418373257716,0,0.9729901782965473,High Trust
782,30,160,1,4.628485208645925,9.539997468729938,10,0.7451375359968169,Medium Trust
783,109,1038,0,49.174046346674714,8.827994834792177,14,0.8361078979637719,Medium Trust
784,5,1503,0,33.87491852202994,5.886547975754823,1,0.3554492050058595,Low Trust
785,119,809,0,2.9639800488875,8.35454031409639,19,0.3329408656220132,Low Trust
786,33,906,0,69.82695246963883,6.461518342203977,6,0.3136136352576568,Low Trust
787,118,1563,0,68.36151823089499,0.8777225261448988,11,0.4321558194414111,Low Trust
788,65,1442,0,37.17252275452463,7.431590760269148,17,0.5900858784029466,Low Trust
789,146,1425,1,7.197578080472579,1.0395935685467275,2,0.9550782933819759,High Trust
790,177,1467,1,54.45541734429931,5.981419527640153,6,0.6199417614860434,High Trust
791,11,110,1,35.67307365755963,7.056138037996465,10,0.5031785737607706,Medium Trust
792,85,1185,0,22.124994697690664,0.7586233212874669,17,0.6933546774637642,Medium Trust
793,26,1968,1,35.63639969329181,2.3848670738726647,11,0.37835420469435244,Medium Trust
794,63,325,1,37.85475639649071,9.165155099390333,5,0.7266541237034883,High Trust
795,86,1276,1,40.733886480097254,6.201513473105674,4,0.6979023680313523,High Trust
796,59,1834,1,32.047495526355846,2.538231586224263,0,0.8543951233839968,High Trust
797,27,663,1,43.811504174442554,6.9377297343652655,11,0.9906813281319169,High Trust
798,177,871,0,66.18953180835598,6.008086557620727,10,0.47561143020127733,Low Trust
799,161,1694,0,26.402168227549268,5.065599429187689,3,0.6567595155626325,Medium Trust
800,98,1707,1,52.38872712022636,9.76425105238203,17,0.9362057844233025,Medium Trust
801,105,1783,1,64.45335781293261,6.866192396334338,3,0.8496329190959888,High Trust
802,99,1984,1,33.10251821683549,3.8168669857123354,16,0.6411844121705652,Medium Trust
803,129,1698,0,32.20709230130615,8.020726977560994,1,0.9617601547303445,High Trust
804,149,1433,0,43.551364452866736,8.857374599919758,1,0.3400656854617665,Medium Trust
805,55,984,1,42.7855832987079,1.3396835392166313,11,0.9516990337988087,High Trust
806,6,1366,0,58.17113797632881,2.0854744806681382,5,0.33535517466796455,Low Trust
807,197,1616,0,34.56856194014793,2.240647390365019,9,0.683113320880279,Medium Trust
808,95,1489,1,71.72279089922004,6.942996912926749,15,0.9233086636007599,Medium Trust
809,133,1453,0,4.752217174010576,6.070091595027505,13,0.4839046604929119,Medium Trust
810,102,1230,0,0.7265011735201743,6.228016490516023,6,0.6305739492616109,Medium Trust
811,3,325,1,46.2741792765131,9.41365566692606,18,0.5270302153958766,Low Trust
812,181,924,0,21.838096233874182,7.781524174792329,16,0.9665007419534459,Medium Trust
813,23,317,0,17.687340792013092,1.3665755526666536,8,0.8765519163271636,Medium Trust
814,53,1036,1,22.800784220306053,3.5403201160092923,12,0.7963010579284657,Medium Trust
815,165,852,0,18.807400905004233,4.410397097139782,4,0.711338890630576,Medium Trust
816,83,605,0,2.701488550722021,4.020019728601288,4,0.8744142525269036,High Trust
817,145,358,1,69.96461253092708,6.726155230702604,9,0.5745869290664829,Medium Trust
818,85,1897,1,16.283302424373893,8.929741722239969,9,0.6132862985742433,Medium Trust
819,78,1640,1,52.9831280251354,3.1299094888756014,6,0.8110012047566031,High Trust
820,110,1896,0,55.025642220633536,5.563583650569738,14,0.5504283343056,Low Trust
821,1,153,1,66.9419039575169,7.915153276944498,6,0.34473065943386166,Low Trust
822,51,1170,0,2.684286182176668,4.2205587825689586,14,0.35203422622025,Low Trust
823,173,826,1,62.85145619896105,1.7643694711530291,2,0.3807539609139927,Medium Trust
824,4,788,0,38.19667193004572,4.802014556111107,18,0.9087769263405638,Medium Trust
825,190,1644,1,45.726903862556696,0.6467029553559819,9,0.630558498029343,Medium Trust
826,193,1222,1,46.57962481415391,9.42959619462254,14,0.7990176585413156,High Trust
827,113,1143,1,59.11554305640802,0.8407299314302331,2,0.5750365349234252,Medium Trust
828,32,1876,1,24.338623534376403,4.440721480980724,5,0.48109766319094416,Medium Trust
829,34,1696,0,52.91316007498953,5.345824484776409,11,0.5430345172935483,Low Trust
830,92,1613,1,38.293334845137096,9.854507939644126,14,0.8559276417220285,Medium Trust
831,95,518,1,57.227672022832365,1.7436160540643217,5,0.7376512875220067,High Trust
832,72,789,0,71.32404134306454,1.2328720342623498,12,0.9563478459705315,Medium Trust
833,39,949,1,14.846547744368928,0.18619085591918144,18,0.7757933450037837,Medium Trust
834,154,161,0,71.61737787153984,1.640157225006093,2,0.6991271422282856,Medium Trust
835,162,1268,1,6.9215690312183416,2.1520024927699097,7,0.727137206290084,High Trust
836,182,315,1,0.6657046751941914,6.342751321672614,7,0.9596600076278903,High Trust
837,118,102,1,3.6575784367149353,2.275097224874864,19,0.8517406509066943,Medium Trust
838,3,259,0,24.93744193867846,0.3031560658203196,14,0.31682886615650646,Low Trust
839,123,1862,1,45.75280264350804,8.283521620474637,3,0.6738977872949881,High Trust
840,50,880,1,5.435612173481248,3.719397439939271,18,0.7818368880825953,Medium Trust
841,12,1243,1,0.9051057388640598,3.601597197149266,2,0.8240889349074085,High Trust
842,193,992,0,67.50200853480382,3.0945423887624735,12,0.44919948351975564,Low Trust
843,54,1212,0,59.26775446970497,9.756195443749567,7,0.9070241481159464,Medium Trust
844,133,428,1,58.35659673644072,1.7841426313618869,15,0.9690902030226145,High Trust
845,57,679,0,63.736335698391365,8.992556833137028,12,0.4657007140914088,Low Trust
846,145,1480,1,50.55245050320546,7.790352988184891,2,0.917830820262072,High Trust
847,112,1733,1,7.964895276987823,0.8571515594431995,15,0.36788513376126675,Medium Trust
848,47,1390,1,29.035663447271197,9.868618104858403,8,0.3389947852806716,Medium Trust
849,151,1740,1,52.20518828222101,2.786523039036205,13,0.39045666007192453,Medium Trust
850,85,1051,1,20.543913946593744,1.0759709775218822,12,0.3404187556269252,Medium Trust
851,142,1446,1,49.64955503574099,8.31021091784502,6,0.8915085660090432,High Trust
852,66,734,1,2.2516390511371434,7.096087783409229,14,0.34133510112079035,Medium Trust
853,75,1087,0,22.388819872890913,6.210466178191218,6,0.49016493395455885,Medium Trust
854,179,1664,0,39.76281904381785,1.6442105506194384,5,0.37262944047509944,Medium Trust
855,103,1772,0,45.69442280969632,4.837111550934022,1,0.5067954254196354,Medium Trust
856,166,1318,0,41.758407509026625,7.827504666183417,8,0.36339162732064434,Low Trust
857,192,1020,0,50.38957373925021,3.105876987624019,16,0.7676022755201097,Medium Trust
858,38,837,0,0.9353454991484935,3.1857293022989106,4,0.3933287714398026,Medium Trust
859,50,1455,0,7.717295798392787,0.13109496987640895,11,0.8962921480872215,Medium Trust
860,98,269,1,62.62951403795887,1.8250096762892576,0,0.8720337355086487,High Trust
861,82,620,1,49.24502805244653,8.766515688706159,9,0.3095631798294266,Medium Trust
862,30,1586,1,8.574612452049807,4.4732902672133,10,0.9270084488605801,High Trust
863,79,139,1,60.70832227399841,9.843921542420896,15,0.3202610217203569,Low Trust
864,91,1660,0,17.819532074456536,4.017508839380547,13,0.4677520494702896,Low Trust
865,179,1384,0,34.695581719958476,7.1803459023243885,7,0.3226723964431965,Low Trust
866,191,1518,1,10.88155067125321,2.8909985247568186,16,0.5350904409275212,Medium Trust
867,52,1054,1,51.27286903415202,3.701715447295242,17,0.6597065679992902,Medium Trust
868,166,1349,0,48.18009110252015,1.9881872771498572,11,0.8576514083105966,Medium Trust
869,79,1083,1,15.594541688378737,3.5359174481440103,16,0.5365870853288852,Medium Trust
870,30,1247,1,62.23315483027563,5.517651452164366,13,0.7938430172711817,Medium Trust
871,106,1074,1,29.19338073170942,9.91855152169457,15,0.4312531199832862,Medium Trust
872,51,137,1,21.41482901155804,6.675596959410678,13,0.8254189197208883,Medium Trust
873,81,427,0,11.391565646714286,2.0725349486423092,8,0.46519762413646626,Medium Trust
874,133,1374,1,19.53101289486093,0.5451182717563562,3,0.4004813291606375,Medium Trust
875,29,1299,1,2.074924867502915,1.3509291650136552,10,0.42978619526183803,Medium Trust
876,132,1725,0,42.202910710612265,5.669296492603169,5,0.42744419021729874,Medium Trust
877,138,1013,0,60.71949836359227,7.675087255285987,14,0.6590040155638938,Medium Trust
878,184,553,1,39.752102135077386,9.410150152277394,4,0.8913583068317021,High Trust
879,145,136,0,16.178088277557116,0.2566494027685261,10,0.3557235538947539,Low Trust
880,74,1439,1,2.9073462422918994,5.275325401462511,17,0.7948694229453959,Medium Trust
881,17,1811,1,15.845907238004404,4.76158682660945,12,0.7580425217570004,Medium Trust
882,84,1072,0,30.2526821070831,6.5949447175594695,10,0.9107639662805536,Medium Trust
883,69,895,1,54.81221715203545,5.639830659206885,13,0.470903292354835,Medium Trust
884,34,1072,1,13.930763956450848,6.901687590766557,17,0.6150769010795207,Medium Trust
885,6,692,1,51.965088914860054,6.6150175890169844,18,0.9480791621104621,Medium Trust
886,53,1237,1,62.48574298715968,1.2584160760936676,14,0.7619954150947219,Medium Trust
887,194,1163,0,32.95719963974753,8.017207344825325,8,0.5721378890031178,Medium Trust
888,126,1424,0,59.23238740244542,1.320002499591616,7,0.3919886679986879,Low Trust
889,43,323,1,40.158000384509336,7.015453189570457,19,0.48373950553041367,Low Trust
890,115,417,0,46.051994851284704,4.219839139642007,0,0.7068508342425683,Medium Trust
891,111,448,1,38.12890991418149,5.1871222723083195,3,0.8027175632923595,High Trust
892,151,214,1,33.616849247720936,9.042650342319535,13,0.3870953207963254,Medium Trust
893,183,797,1,17.27772108697323,8.909848892087517,1,0.7197180820308378,High Trust
894,80,1446,1,22.178375251464793,8.196777425984793,15,0.6852458951871256,Medium Trust
895,95,1691,1,21.232863504468046,5.1504689665176,2,0.6597688126834955,High Trust
896,118,1163,0,40.77515856319775,7.388774120324948,7,0.7830861823774056,Medium Trust
897,144,1989,1,9.07668905120813,5.177680849636213,5,0.8862147165584233,High Trust
898,8,139,0,66.05060588521697,8.709100216500296,15,0.5260927782238078,Low Trust
899,132,1982,0,52.026842887742596,4.087480749005709,15,0.9223085330776715,Medium Trust
900,104,1872,1,29.203362610293343,9.705329909707281,6,0.41244352883298546,Medium Trust
901,132,1412,1,11.841626333636025,9.329995306465888,12,0.42111670882581503,Medium Trust
902,184,1385,1,63.56244013509696,7.441865932572677,12,0.4867404445367467,Medium Trust
903,25,315,1,59.40013344223331,2.866217253343113,4,0.38367160868295447,Medium Trust
904,195,1270,1,52.10309101927832,1.4033705290532583,19,0.4612234572780143,Medium Trust
905,96,435,0,19.915613889903828,8.561564155922655,17,0.3744882340319912,Low Trust
906,195,1291,1,29.274934576507327,1.7364926327658168,14,0.8752266918897733,High Trust
907,155,191,1,7.84650005034827,8.557181811073624,17,0.3972782943206372,Medium Trust
908,93,452,0,14.016326018018518,4.958573566452368,1,0.8231082902918998,High Trust
909,160,670,0,56.4856895681464,4.124912159700232,9,0.3335397075393336,Low Trust
910,178,1694,1,51.625268397823895,9.041588710460848,12,0.9639642292597406,High Trust
911,61,915,0,42.93423205277933,6.078124727148751,17,0.7978120612694363,Medium Trust
912,122,1804,1,64.54446090372136,5.808478670584206,14,0.30475758401027825,Low Trust
913,51,880,0,42.20355602363274,5.631782851781536,11,0.8346995501401497,Medium Trust
914,147,462,0,33.888211997398166,3.7745782085933612,14,0.6598573445363296,Medium Trust
915,21,656,1,24.836508360862034,7.87786672493836,12,0.8455556192345839,Medium Trust
916,5,1468,0,67.74206816013634,2.602704595756153,17,0.6657477662234119,Low Trust
917,92,1816,0,6.414155498991275,9.395060104408623,14,0.7487174003447482,Medium Trust
918,170,1293,0,67.0584471023478,8.950453529964912,10,0.8504321587765282,Medium Trust
919,61,455,0,59.61009818506781,3.441055224181492,18,0.5835756382114996,Low Trust
920,22,290,0,9.789989604302642,7.3216913213334704,2,0.30189570487431644,Low Trust
921,149,1790,0,40.89638157378063,5.774909625050955,6,0.8949625471616318,High Trust
922,70,521,1,62.45818069505971,3.4427280897924226,13,0.5666232538372638,Medium Trust
923,1,799,1,41.38435519791149,9.886364315154923,13,0.6472299082116081,Medium Trust
924,133,106,0,65.3647872415845,0.34984972389781566,12,0.3054366495077781,Low Trust
925,12,232,1,67.92334290234703,2.6011957031507382,11,0.6444644072450685,Medium Trust
926,90,1870,1,30.70049333617787,5.248733205000389,8,0.9905411811002107,High Trust
927,46,656,1,27.47792679055214,5.2673347344377826,0,0.4947873625731387,Medium Trust
928,34,925,0,67.44696250879471,5.930437441961085,18,0.5767927891696647,Low Trust
929,177,860,1,48.772514372201265,7.541594103026901,10,0.7810329975280736,High Trust
930,78,1154,0,8.795621716394104,6.272430522141034,18,0.870355567266561,Medium Trust
931,45,634,1,3.5238600694217057,6.042786459227566,17,0.5921741368042701,Medium Trust
932,155,525,0,40.87097714630431,0.6297931828391286,11,0.5167682092809047,Medium Trust
933,73,1517,0,67.00722402884736,3.8276498491140534,0,0.9564780599895468,High Trust
934,26,771,1,60.86378222201601,2.397351823041445,18,0.7740014766701684,Medium Trust
935,47,462,1,48.823113872200054,2.727164104859557,19,0.3833149131451987,Low Trust
936,121,1560,0,10.446783195712758,5.587940995969414,16,0.348249514694254,Low Trust
937,56,1793,1,18.677543938031736,2.0751026178031236,4,0.6384848955532583,High Trust
938,94,1674,1,63.099052698512054,3.010096100067286,2,0.4540630462330907,Medium Trust
939,107,181,1,13.570717420968384,2.447138614321667,1,0.4777893273633774,Medium Trust
940,63,455,0,20.40841768990607,9.490179137860128,2,0.9143845251794938,High Trust
941,48,1381,0,9.7664465604741,9.452190748493843,7,0.36269621702141747,Low Trust
942,61,1841,1,48.841738546130394,6.1384214301009115,15,0.8007548806602227,Medium Trust
943,81,688,1,67.99473483346948,9.25277244044581,5,0.4897995773664116,Medium Trust
944,26,1647,1,19.731214259070097,7.879545190136894,12,0.8322297549828963,Medium Trust
945,36,394,0,34.49157246128027,5.940484039737907,15,0.8056879691244812,Medium Trust
946,1,1347,0,45.85529138935111,0.16370859381827757,15,0.3051743310110051,Low Trust
947,8,1648,1,71.96183674741759,7.7479112321861,2,0.6563947890451194,Medium Trust
948,113,1169,1,7.993776647326406,7.054634581725842,12,0.39752363766463245,Medium Trust
949,99,1790,1,36.147812164658205,6.1910111674958985,13,0.9063589214050738,High Trust
950,180,1236,1,28.036088573028753,7.62820068565647,7,0.9101101180036846,High Trust
951,47,1356,1,62.40614181339839,5.17792943127018,11,0.5928420652456305,Medium Trust
952,127,116,1,34.531692767333396,7.070424386081257,7,0.6110769329157564,Medium Trust
953,56,459,0,8.434893007838088,9.358203658592284,8,0.5122980575831689,Medium Trust
954,14,1346,1,45.86132638799073,3.8204696568762544,0,0.8016244092720217,High Trust
955,28,965,0,55.610814205867406,7.110406165516191,5,0.5510629541185214,Medium Trust
956,78,799,1,0.7060094940914434,4.809309398308491,18,0.4874547321658436,Medium Trust
957,130,547,1,61.91540300757501,6.776556552958417,10,0.6025617416531557,Medium Trust
958,109,955,0,13.800644500405092,7.652644021988205,10,0.36404126287122107,Low Trust
959,154,464,0,39.97295957271652,0.5499797543143801,12,0.8226222432509427,Medium Trust
960,14,774,0,30.229521299152687,6.501344395091753,10,0.30881748089025085,Low Trust
961,187,1107,0,51.955247887652924,2.3447377256287516,17,0.7511395430644157,Medium Trust
962,56,1449,1,27.03805545718054,6.733322124294911,14,0.42800516872841066,Medium Trust
963,115,566,0,62.68806713274232,4.736468840744753,0,0.46268283235008917,Medium Trust
964,7,513,1,52.7304898085535,7.7581721444623835,6,0.744942399048028,Medium Trust
965,3,1578,0,46.81149173099889,1.3216680705354047,12,0.9950604260480349,Medium Trust
966,111,685,1,57.431202582744085,6.300591281396331,11,0.8444022423507853,High Trust
967,151,1356,1,54.41264699737933,2.856860216382768,17,0.45808774255637436,Medium Trust
968,107,1347,1,3.0696152568910637,8.544521753772855,18,0.4232173285287936,Medium Trust
969,18,1093,1,28.72350629990521,9.290996705799444,14,0.9063630091873691,Medium Trust
970,38,1954,1,67.05272175812902,9.964343107422648,7,0.610928763545053,Medium Trust
971,115,1535,1,9.489285232944175,7.980473284030104,18,0.3959369619797088,Medium Trust
972,15,671,0,53.20240335589166,7.561967297237245,9,0.9035479963253565,Medium Trust
973,192,434,1,70.18331451047607,2.2334575127887555,6,0.871264647039983,High Trust
974,119,1345,0,4.232201976715472,3.426469884002077,17,0.9887344547280144,Medium Trust
975,28,136,0,49.27686246480265,4.710257163446567,15,0.9368205806988787,Medium Trust
976,39,1088,1,33.973021103023676,7.7564723730442715,19,0.896253237062379,Medium Trust
977,185,377,0,41.911030759292636,9.15816206427189,5,0.33680207846770216,Medium Trust
978,17,1319,1,6.601905558629227,1.972477090227548,8,0.3730907586486826,Medium Trust
979,86,1015,0,3.574997058486173,9.231438098234019,12,0.6982882360128859,Medium Trust
980,126,1987,1,48.180966229390904,6.986684058305174,7,0.6720354723972746,Medium Trust
981,44,583,0,59.36662423218133,6.146630233781882,15,0.6205742501426748,Low Trust
982,25,1365,1,56.41409644770716,2.078428585691201,12,0.5777525277902089,Medium Trust
983,145,1447,1,39.38210954243597,0.6496978248105905,12,0.6018473394050302,Medium Trust
984,13,830,1,7.6404777112367395,5.727802495228605,16,0.6985085538943566,Medium Trust
985,25,291,1,49.695177734274985,6.5500052649560345,19,0.3014535623200568,Low Trust
986,68,1140,0,17.795055174121437,2.1867363486114137,4,0.4824961418929965,Medium Trust
987,138,623,1,65.64141224786793,5.608916437672018,16,0.6627958044820977,Medium Trust
988,67,1017,0,60.435973207517904,8.579284687349478,8,0.8055512690715523,Medium Trust
989,109,500,0,51.22088214674845,8.367152860004698,1,0.4219096846767774,Medium Trust
990,146,985,0,68.34248584192582,9.280816287804342,17,0.682816821651203,Low Trust
991,111,804,1,2.7466602380560143,3.7222695146131164,8,0.8001217787200472,High Trust
992,111,121,0,53.138330391844484,3.2486907682540953,5,0.6112393605397333,Medium Trust
993,34,573,0,24.112358722552983,7.519317459210006,10,0.3189567935690357,Low Trust
994,111,1243,0,65.28371082657512,4.368012810460349,5,0.6144877109259457,Medium Trust
995,8,309,1,19.567276561331397,0.9667317738750281,5,0.5075114214209071,Medium Trust
996,168,405,1,52.32723970102372,2.8997311936379475,12,0.9507547253909299,High Trust
997,113,1393,0,63.25176190503087,4.243964626761742,10,0.38722936997482915,Low Trust
998,83,803,1,3.4784625143617935,2.995912612214895,13,0.7567331688550625,Medium Trust
999,42,786,1,28.93180194083058,3.3888351523784843,1,0.3369038364341508,Medium Trust
1000,169,384,0,55.005095789568614,3.0083814711264685,7,0.6123193064688874,Medium Trust
